Month,ROTH IRA
09/23,50.01
10/23,153.88
12/23,187.47
01/24,1523.55
02/24,1712.42
03/24,1830.29
04/24,1623.04
05/24,1843.02
06/24,2030.15
07/24,2179.67
08/24,2209.84
09/24,2351.04
10/24,2261.48
11/24,2757.04
12/24,2620.98
01/25,2811.73
02/25,2495.32
03/25,2075.51
04/25,2003.53
